,City,Country,Latitude,Longitude,Temperature,Humidity,Cloud Cover,Wind Speed
0,agadez,ne,16.583130844780115,8.04894208019553,95,17,1,14.2
1,jamestown,sh,-26.442263110022978,-2.653679864589151,69.34,73,100,19.77
2,ushuaia,ar,-82.34939142504449,-53.30256098828161,30.2,80,40,10.29
3,yellowknife,ca,83.35244152941956,-102.24979162675618,53.19,81,90,17.22
4,emerald,au,-23.123143213634535,146.55709245059825,71.19,56,23,5.82
5,kapaa,us,21.794101461592717,-158.97086862805477,81.34,70,40,12.75
6,zhaoyuan,cn,45.598122126312035,124.85461455422967,71.86,67,93,6.06
7,new norfolk,au,-56.95900662814812,137.0910622100218,52.56,62,20,9.17
8,hermanus,za,-53.90601688457757,8.722279775518047,58.98,77,91,8.99
9,butaritari,ki,12.953561196130465,162.84626471879477,84.46,68,78,4.79
10,hilo,us,13.504609601172632,-150.68126927944814,79.48,54,75,9.17
11,havre-saint-pierre,ca,55.72235219459478,-63.531292091894215,53.6,87,90,3.36
12,sterling,us,41.148360254453166,-102.24931725203211,73.08,88,40,13.42
13,saskylakh,ru,70.1476557667169,113.82187515257027,48.82,57,48,6.98
15,arraial do cabo,br,-47.536066260297254,-26.951483393229665,68,100,0,4.7
16,upernavik,gl,79.88216777278319,-54.02322922911222,41.08,78,0,11.81
17,lejanias,co,3.6318863972515913,-74.07147461202153,52.6,98,100,3.02
18,meulaboh,id,2.0466731582996402,93.7576636532811,81.4,76,100,4.03
20,vanavara,ru,61.245481136780086,99.9993736134619,69.34,64,41,8.86
21,mar del plata,ar,-40.17247487980778,-55.34539040634887,32.98,88,83,11.16
23,longyearbyen,sj,85.59186810404253,23.067292427341812,48.2,70,75,6.93
24,clyde river,ca,69.51265712551108,-78.30040404124655,33.8,100,90,13.87
25,san carlos de bariloche,ar,-42.12957535645248,-71.70150046873627,37.4,74,75,14.99
26,hithadhoo,mv,-6.661846710246252,73.02439735504294,83.74,75,100,9.64
27,amberley,nz,-43.20715832328091,173.91975418331543,63.43,59,100,13.87
28,nanortalik,gl,53.82439750545626,-41.77428362042272,36.22,94,72,1.66
31,port said,eg,31.557076872762536,33.21901177791321,84.82,19,0,9.44
32,punta arenas,cl,-77.2292762737042,-92.39783439262686,33.48,87,75,12.75
33,kerman,ir,30.9717412992279,58.79115587743479,71.6,28,0,4.7
34,albany,au,-72.71362743141172,110.62678072167625,44.6,93,15,6.93
35,kodiak,us,41.734322059213156,-149.71902475895146,85.44,30,1,5.82
36,hobart,au,-53.424229517466586,153.55219546347303,52.56,62,20,9.17
37,lac-megantic,ca,45.57743846541604,-70.97355461120597,66.74,82,20,4.88
38,sao joao da barra,br,-32.28351555273934,-24.85239338673233,69.88,75,15,3.71
40,sharan,af,33.20088793672376,69.03014301322327,67.18,24,0,5.32
41,chuy,uy,-57.10721940400136,-30.877796235527626,51.7,79,67,17.94
42,isangel,vu,-18.000682427447373,173.23670191160727,78.8,69,75,5.82
43,bredasdorp,za,-56.40995639490214,17.363634805675872,62.78,67,65,14.99
44,bluff,nz,-73.9838186639841,166.36390918491276,54,86,71,20.4
45,nicoya,cr,9.094319850073887,-85.93359688567733,82.4,69,0,4.7
46,lompoc,us,24.664989103187835,-130.14871496493848,69.55,68,1,14.99
47,bambous virieux,mu,-31.903400018747938,76.20876192767707,67.24,93,75,4.7
48,rikitea,pf,-31.697151435690465,-120.53245715771523,66.28,87,100,29.95
49,ponta do sol,cv,25.486506447639798,-26.78233660676105,77,73,40,19.46
50,petauke,zm,-13.666858134988871,31.565405040386025,66.64,63,0,7.9
51,the pas,ca,54.861687732715836,-100.30304749004716,62.6,55,20,16.11
52,pitimbu,br,-6.891510315304032,-29.814318784959625,78.8,94,75,3.36
54,chokurdakh,ru,74.7712625952415,152.2913453664168,43.96,76,99,10.78
55,busselton,au,-87.84624572063872,76.19913276974319,50.09,70,11,18.59
56,acapulco,mx,5.419768932749861,-103.90941603671666,86,74,90,9.17
57,marshfield,us,44.669770862913765,-90.2798648658307,73.47,69,1,4.36
58,erzin,ru,48.35758911247041,94.3103906913019,53.5,69,100,7.85
59,cherskiy,ru,82.0566597990028,160.81175525386993,50.26,58,31,16.87
60,kahului,us,32.374951714335225,-146.81673662481427,82.76,49,40,19.46
61,atuona,pf,3.2806794042672323,-146.24224800728803,80.32,78,30,12.53
62,fortuna,us,38.38660551854608,-140.35184771007414,65.93,68,90,16.11
63,ahipara,nz,-29.582789556510143,169.17471507122764,62.5,87,97,16.35
64,nikolskoye,ru,45.42996168245247,169.5068669241732,56.5,87,20,2.24
65,leningradskiy,ru,78.6743711093873,176.47102725347952,38.02,95,100,5.61
66,rockhampton,au,-23.20279826420105,150.0631148848584,71.6,53,0,13.87
67,coihaique,cl,-49.16076250212182,-78.57557100350118,35.6,93,90,0.87
68,adrar,dz,31.52494365196719,-0.980073050336614,93.2,9,0,6.93
69,gombe,ng,10.55116977145019,11.044974610269378,77.44,79,100,10.89
70,lebu,cl,-32.46260287782705,-90.53777025705062,51.88,64,75,10.36
71,barrow,us,79.73476176098538,-162.0646766868843,83.97,70,1,6.93
72,mount isa,au,-21.035962448701724,141.39039660540163,66.2,20,0,11.41
73,novobirilyussy,ru,56.921525865832166,90.57897343344098,61.42,96,28,5.82
74,constantine,dz,37.29187902249741,7.149679765032971,68,72,40,0.31
77,rabo de peixe,pt,42.0474367115705,-23.552436371411716,68,100,75,10.29
78,sobolevo,ru,53.38328793370158,153.81415794446627,52.24,92,30,9.55
79,esperance,au,-28.7932608785531,124.79228233219203,53.6,76,75,10.29
80,husavik,is,72.86912033192084,-13.849813599195102,42.8,81,0,4.7
81,hamilton,bm,28.465242226486325,-64.94407523382992,74.61,69,40,3.36
82,vestmannaeyjar,is,62.10994057422579,-18.800501671696935,50.44,93,98,13.18
83,geraldton,au,-28.821955999873687,110.02098337226084,57.2,62,0,12.75
84,chapais,ca,57.479433866385165,-75.02910509008164,66.2,59,75,5.82
85,tasiilaq,gl,87.62077692907926,-38.0938343182012,44.6,75,100,40.26
86,edosaki,jp,35.96675959503638,140.41477356230843,81.16,74,75,6.93
87,souillac,mu,-57.72761295543248,77.99335585635629,67.28,93,75,4.7
88,puerto ayora,ec,-19.494658036156082,-100.33260192089523,72.09,78,75,17.22
89,pringsewu,id,-9.063841317710597,101.19995821266747,72.76,94,86,2.68
90,fairbanks,us,67.10065954151784,-143.16480261017637,68.68,43,75,5.82
91,sula,ph,15.45493697842437,120.27689388807522,83.2,77,100,9.78
92,nianzishan,cn,47.56235579872691,122.78595824171384,66.28,69,79,3.22
93,moron,mn,50.02628550497059,101.52073991012003,69.88,38,94,4.83
94,dargaville,nz,-35.98751211127491,173.21071930766072,63.4,82,93,11.63
95,tazovskiy,ru,68.77012367014257,79.86584307351814,55.84,61,0,6.04
96,pritzwalk,de,53.21110764434292,12.241024736564128,51.76,79,0,7.65
97,cascais,pt,38.12645581125793,-9.631142170350387,63.14,88,20,8.05
98,hovd,mn,45.70945694943029,99.88299267263199,57.1,39,0,0.92
99,cap malheureux,mu,-13.320258114849764,57.04236159893708,67.1,93,75,4.7
100,valparaiso,us,41.11583158780212,-87.08898976515383,77.11,57,90,10.29
101,aksarka,ru,69.78835146459568,67.97254470134564,66.1,60,0,8.01
102,cairns,au,-15.638532045160062,147.86019160952458,74.44,64,0,9.17
103,maksatikha,ru,57.85911458838885,35.62245489405194,52.06,95,27,5.77
105,bilma,ne,18.347480732144078,11.623328414791928,91.66,21,0,10.07
106,vaini,to,-43.491586155922626,-174.4044399591629,77,83,75,17.22
108,cremona,it,45.005255577539145,10.02309437156876,74.44,78,40,8.05
109,norman wells,ca,82.81685204143815,-117.55380368051199,60.8,72,75,13.87
110,klaksvik,fo,68.4864438341391,-4.266255582057539,42.8,93,28,3.36
111,shenjiamen,cn,30.07285396336789,124.93162469499623,75.82,96,100,8.3
112,antequera,py,-24.167785941064494,-57.71077851912865,66.82,79,100,5.46
113,saint-joseph,re,-26.2460102534167,55.414093706183934,64.22,52,0,9.17
114,harlingen,nl,53.303179602230244,5.126630846990366,54.52,72,75,11.41
115,port macquarie,au,-32.56973076647411,161.76496836778176,65.91,62,37,6.93
116,newton,us,37.923007455419224,-97.4652022677903,73.98,69,35,11.41
117,ilulissat,gl,83.99891202328396,-41.33919894776531,42.8,81,75,18.34
118,qaanaaq,gl,87.53540012157094,-73.61945594211086,48.1,47,0,2.3
119,dikson,ru,86.62168305533157,88.33496218656495,37.48,93,100,8.34
120,port lincoln,au,-40.90984037087421,133.40434158192534,57.64,78,0,8.97
121,saint-pierre,pm,38.5423357037088,-55.778977591868326,53.5,97,100,7.58
122,saint george,bm,35.72890476162347,-62.58283622051283,74.57,69,40,3.36
124,sawakin,sd,19.348416012003597,38.06016406057563,85.9,23,2,3.58
125,anadyr,ru,61.86615181583767,174.43329447657038,60.37,67,0,8.95
126,naze,jp,20.03018765872389,138.64340475156433,85.03,84,75,19.46
127,palu,id,-1.5861976498824646,119.02585398928375,77.08,80,100,1.99
128,markivka,ua,49.34724254508282,39.62693495569212,65.74,94,84,5.23
129,levin,nz,-40.56018598048358,175.2969405541292,62.58,78,83,1.01
130,pacific grove,us,27.21889223780765,-132.73454241166223,67.77,67,90,10.29
133,zhanakorgan,kz,43.82164107375226,67.43371671972793,59.62,57,0,2.71
134,china,mx,19.75326682641571,-90.2581139880112,94.9,36,26,16.22
135,vanimo,pg,0.18267373496927064,142.4932657510995,81.22,76,100,5.75
136,provideniya,ru,56.288966698105526,-175.517089634878,48.2,93,90,11.18
139,bandarbeyla,so,7.6036837714181615,54.679585980646095,79.06,58,71,27.31
140,san cristobal,ec,-6.604934286120383,-87.71717944020793,77.98,73,55,3.33
142,wairoa,nz,-39.041517955807876,177.05241865384863,66,58,93,13
143,manaure,co,13.267663393256797,-72.44537359286778,78.7,85,100,22.5
144,cabedelo,br,-6.13557504384579,-28.535514334575538,78.8,94,75,3.36
145,keetmanshoop,na,-26.707135680189246,17.688595802883157,50,46,0,9.17
146,faanui,pf,-4.301075379539412,-152.40521873039748,76.54,83,99,32.61
148,beyneu,kz,43.909512472436234,57.11192261133368,72.58,55,5,27.04
149,sovetskiy,ru,69.53531233108666,65.28822291533325,52.96,96,0,8.86
150,severo-kurilsk,ru,31.0527561230994,164.32469305804347,43.42,97,100,10.31
151,kruisfontein,za,-82.3661229796963,27.85181822138506,57.64,56,57,8.99
152,nhulunbuy,au,-11.713409039720105,138.68322089481194,78.8,54,20,11.41
153,saint-augustin,ca,58.28828908466528,-58.722466883557786,76.86,60,20,3.36
154,thompson,ca,81.85239105451362,-95.81100652083708,55.4,82,75,10.29
155,northam,au,-28.93077519120928,118.15881145842332,55.4,66,0,17.22
156,oyama,jp,31.86895150056482,138.01578224593192,83.17,69,84,2.68
157,shingu,jp,31.64326278408528,137.7860943670563,75.2,94,75,8.05
159,pirajui,br,-21.90130791678932,-49.19340657468041,73.06,57,0,3.36
160,mahebourg,mu,-30.95650902899304,66.33483617641869,67.28,93,75,4.7
161,tuatapere,nz,-50.89424511679626,159.46282745427436,54,86,72,21.14
162,ixtapa,mx,5.883191702608414,-108.0924838292922,85.48,58,20,11.41
163,sept-iles,ca,53.16458620093269,-67.01806844495542,54.93,87,75,2.24
165,hay river,ca,59.0667736869886,-114.78778944008035,57.2,67,75,5.82
166,dingle,ie,50.30855484188467,-21.439538499639127,57.28,79,4,12.55
167,port alfred,za,-82.86746625674385,53.649112558591725,66,52,57,4
168,araouane,ml,19.39384194034423,-3.849940119755388,98.68,7,0,7.72
169,aklavik,ca,76.57113810023665,-143.21967361664127,60.8,55,75,9.17
171,belaya gora,ru,66.62867732240767,145.6266394382369,56.38,62,95,12.1
172,jaciara,br,-15.093078706051486,-54.75740976868387,70.78,47,0,4
173,poum,nc,-20.381246870190054,162.30488315030107,73.66,62,0,6.44
174,nouadhibou,mr,21.416817965043165,-20.68302331983935,68,82,0,13.87
176,daru,pg,-10.536535992813569,142.05743612528573,77.08,79,59,8.79
178,kaitangata,nz,-76.9237385545448,179.8298007427901,57.99,62,75,1.01
179,khatanga,ru,72.75689209448592,101.60476056681375,53.86,52,100,11.63
180,cayenne,gf,12.84890343549067,-43.98486925663582,75.2,94,93,1.86
181,cape town,za,-54.53938217273514,-4.855551786908563,56.7,93,75,16.11
182,yerofey pavlovich,ru,53.09514018097252,121.62226149168504,68.26,53,71,2.13
183,micheweni,tz,-5.930550814173898,45.72735821423717,78.88,74,0,14.36
184,touros,br,3.2863931539441467,-27.926672444587496,75.2,100,75,4.7
187,tuktoyaktuk,ca,70.80094395786847,-128.25804025309998,46.4,87,40,17.22
188,haines junction,ca,60.29711686169475,-142.95091214597304,59.62,79,100,2.73
191,muravlenko,ru,63.418106697620004,71.39881273817625,71.68,62,0,7.61
192,bethel,us,62.755972112759736,-158.98997971016416,60.33,63,90,26.4
194,constitucion,mx,22.789560334089728,-114.66830082358014,64.58,52,90,11.41
195,castro,cl,-44.74316021989704,-106.96750627569956,41,93,0,4.7
196,hella,is,64.02672035771883,-20.386108358752352,48.99,92,91,8.01
197,tura,ru,65.2696527982391,99.26963305645342,63.94,35,23,7.25
199,ilheus,br,-14.735389579496626,-38.073462605032034,71.6,100,40,3.36
200,takoradi,gh,-0.42238231229316625,-0.475609575413273,75.82,93,47,4.12
201,palauig,ph,15.4435801964472,119.66371344665748,84.1,78,100,21.16
202,trairi,br,-1.6571497248044977,-38.69359417823662,70.78,95,20,3.27
204,torbay,ca,50.27214120981034,-45.597088158339346,54,100,75,3.36
205,menongue,ao,-15.915956325497561,17.73679934566735,46.3,46,0,3.94
206,leshan,cn,29.623840479705677,103.40866850485918,68.26,92,100,4.43
207,hasaki,jp,29.468659055543128,157.12925594458284,80.83,74,75,6.93
208,boa vista,br,2.5875427582946884,-63.33555858677565,78.8,83,75,5.82
209,xingyi,cn,24.807616620740333,105.81557491033828,63.22,93,87,2.73
210,victoria,sc,-8.23257235223052,53.53477478666386,80.6,78,20,9.17
211,pevek,ru,86.72330473443967,166.13332785165397,35.32,96,85,11.68
212,goksun,tr,38.337991467121554,36.17754254208202,73.4,64,0,9.17
213,lebanon,us,38.19056859323413,-92.61662777373519,70.41,69,40,3.11
214,kurilsk,ru,44.278289043139296,147.5909263267718,51.88,98,100,5.41
216,obo,cf,4.848962883639544,26.821274833495238,69.52,90,100,1.23
217,chara,ru,58.68251552875512,118.62785767620528,53.32,82,52,6.42
218,san jeronimo,mx,10.348542613029636,-103.80538077619013,98.19,29,5,14.99
219,buala,sb,-1.8805665646977445,161.27291528202448,81.22,81,31,9.51
221,pingliang,cn,36.734836447381966,106.34744133371129,67,47,91,2.15
222,hambantota,lk,0.7534998345724659,86.66516671803646,78.8,100,75,5.82
223,hobyo,so,4.743275365531858,49.76795673294214,76,75,44,23.06
224,dong hoi,vn,18.387504604388184,107.99156378660626,74.2,92,100,14.34
225,inhambane,mz,-26.531053141773512,36.08488198194618,57.64,92,0,1.39
226,meridian,us,32.212482081594416,-88.01964516910424,83.59,69,90,4.7
227,suez,eg,30.160274000710544,33.4932152194321,74.56,61,0,9.82
228,broken hill,au,-32.7991237795878,141.58491338255283,53.6,50,0,10.29
229,avarua,ck,-25.197991904134568,-160.8339052627963,75.2,53,20,17.22
231,salalah,om,17.33836133445935,51.00014700955927,82.4,88,90,4.7
232,tavira,pt,37.37111487512176,-7.694109173583939,63.57,77,0,2.24
233,sibut,cf,5.333438661575684,19.172017577735318,69.52,97,8,1.14
234,linxia,cn,34.72974129835421,103.70491343383304,59.44,68,100,0.94
235,chicama,pe,-8.826914697077441,-80.99156834554216,62.6,93,90,9.17
236,golaghat,in,26.452511254276402,94.15448786796617,76.36,94,60,1.57
237,araceli,ph,10.36128185411286,120.09952568539177,81.04,84,98,5.77
238,hailar,cn,48.091082574336866,119.41438053756428,72.04,41,67,4.56
239,oranjestad,aw,12.812057337085434,-70.35522768259557,80.6,83,20,17.22
240,leh,in,35.16133875503971,83.43900577439388,32.98,53,0,3.62
241,ribeira grande,pt,29.74482593677061,-44.91973917483875,69.34,87,23,8.1
242,dicabisagan,ph,18.679153677674208,127.16024420424753,81.04,79,100,2.37
243,seredka,ru,58.65109747229229,28.618042592451644,50.44,97,0,6.46
245,zhezkazgan,kz,46.59092662686098,69.808307781221,55.4,82,20,13.42
246,aloleng,ph,15.111502940606854,115.72608619766584,84.28,78,100,22.7
247,alenquer,br,-1.2916616406670158,-54.47478404097318,77,88,20,3.36
248,danjiangkou,cn,33.082114336990315,111.42449162746459,79.96,48,71,3.71
251,wadi musa,jo,30.059564912876198,36.20720270593773,65.56,58,0,2.75
252,rovaniemi,fi,66.52604628467466,26.48126313840092,46.4,93,0,8.05
253,saldanha,za,-38.84684003976452,0.4510723714226117,55.4,87,51,8.05
254,santiago,ph,6.366352885196704,130.21952917742271,75.82,83,100,1.83
255,rawson,ar,-46.18706824157306,-62.73770860311855,36.76,74,63,16.93
256,seabra,br,-12.25997407730057,-41.77534668010779,59.98,89,0,7.67
257,moose factory,ca,52.66066126588805,-79.68110848442211,71.6,68,1,6.93
258,juneau,us,58.32841865028931,-133.10246737857568,70.59,64,90,11.41
259,adre,td,13.473268736674711,21.838059725176066,75.82,68,100,3.83
260,tiksi,ru,87.68463585173913,129.5507073243988,37.66,92,100,11.63
261,georgetown,sh,-14.937586385280099,-23.52743548767043,76.72,76,34,19.35
262,oneida,us,42.77561106902118,-75.72285372269988,85.86,58,1,6.93
263,bafra,tr,42.56588733011591,36.61346788541479,64.13,88,40,2.3
265,zemio,cf,6.334666727449644,24.68009996906767,69.16,91,55,1.77
266,kidal,ml,17.984883533567157,0.5798553802520132,93.46,18,0,21.47
267,varadero,cu,23.21775837042634,-81.18294201662937,80.6,88,20,4.7
269,labuhan,id,-8.373785574730022,104.57288308417554,77.98,77,99,1.19
270,nokha,in,27.576331802919015,73.59277629350845,92.74,45,81,19.26
271,nantucket,us,40.21075807525526,-67.73294222617204,69.22,93,1,4.7
272,yenagoa,ng,2.311348198385801,4.711676201783689,76.18,95,94,3.94
273,malatap,ph,14.176050724730615,122.52649646301984,83.02,79,95,8.7
274,east london,za,-41.849369712699236,36.45004875871052,58.9,33,66,8.95
277,carnarvon,au,-19.84097823914955,106.34775998477267,62.6,88,90,3.36
278,mehamn,no,80.49739802263414,29.797723023263018,43.6,94,100,5.99
279,rio gallegos,ar,-51.06120706139191,-66.82517235139018,30.2,92,20,2.24
281,ketchikan,us,58.92337913627938,-129.36402927662797,64.18,72,90,11.41
282,livadiya,ru,42.6259118973918,132.6831826917188,59.62,94,98,4.85
283,mikun,ru,62.145900495366476,49.964204368844406,57.28,99,100,1.99
284,grindavik,is,56.19663246453112,-28.788495129588625,53.04,100,90,13.87
285,mangrol,in,16.872722587020775,65.92860118183827,92.56,40,15,4.81
286,port elizabeth,za,-56.6481695921914,30.05373173409876,64.4,59,0,12.75
287,beloha,mg,-29.9806668403019,43.01335854953416,67.54,87,12,4.72
288,samarinda,id,-1.0625646437917027,117.92076673594039,79.24,83,97,2.44
290,jinchang,cn,38.70541657967317,101.71259677443248,71.14,38,100,2.28
291,misawa,jp,40.78324469322183,141.33479832788595,70.83,64,75,3.36
292,taoudenni,ml,23.406899296790556,-3.4441825862588473,99.22,10,0,9.1
293,boende,cd,-0.8056638122907742,20.88703030099782,76.54,75,30,1.1
294,wanning,cn,17.298146357891326,111.1924236393453,76.54,94,57,6.46
295,sokolo,ml,15.77407953831883,-5.629153226533958,93.82,31,30,11.61
296,kholmogory,ru,63.72847754091549,41.4891704460218,53.6,93,40,6.71
297,puerto ayacucho,ve,5.766078363315259,-67.64641369661068,78.8,88,75,5.77
299,panama city,us,29.638611092234072,-86.23443672977109,82.11,74,20,4.7
301,koundara,gn,13.124840032645153,-13.406241107512699,80.32,82,100,4.97
302,uyuni,bo,-19.965591137284022,-67.6273768145994,45.22,29,36,21.52
303,tezu,in,29.7651780272718,98.45794573038387,75.82,91,85,0.83
304,oytal,kz,43.18252652320817,73.37937021117025,65.38,91,47,13.33
305,tocopilla,cl,-21.53275142964057,-74.0216650118111,58.54,86,100,9.42
306,vostok,ru,48.41118322943686,148.46536052246785,68.62,66,63,1.77
307,jaumave,mx,23.673565181353325,-99.73151012570672,88.65,43,75,13.87
308,beibei,cn,29.924977237345956,106.69964701245857,82.4,69,0,6.71
309,qaqortoq,gl,64.70464399734527,-46.60344201356173,48.2,70,75,6.93
310,forecariah,gn,9.705100893411696,-12.85987881527393,75.2,100,75,9.22
311,hegang,cn,47.59892491481014,130.23078711087715,63.94,86,42,1.7
312,bowen,au,-17.443373755317282,151.92335311601528,75.09,57,90,12.75
313,port hardy,ca,45.22284991956903,-136.64250685259356,60.8,77,20,12.75
314,gwadar,pk,25.46305805718761,62.45495566496376,85.54,76,92,12.12
315,sabha,ly,25.841734322043095,17.032655206685178,84.64,16,0,7.96
316,axim,gh,1.1689821164425922,-3.58891832264797,77.98,90,58,11.05
317,tallahassee,us,30.439065361862532,-84.20424707121113,81.43,74,1,4.7
318,boyolangu,id,-12.677598121282955,111.1649842420257,71.32,88,81,4.07
320,comodoro rivadavia,ar,-50.043238728084525,-63.70669324343322,39.2,80,40,6.93
321,cape canaveral,us,29.56862855442712,-78.03271503335365,83.98,66,1,5.82
322,olinda,br,-8.224951884606199,-33.5311199871592,74.05,88,0,2.24
323,xaxim,br,-27.3094763292382,-52.631176030903646,62.68,95,100,2.86
324,azangaro,pe,-14.517169487084502,-70.06987350663707,48.2,26,0,5.82
325,tarata,pe,-17.934164279112636,-69.46444332497977,53.6,100,90,6.93
326,petropavlovsk-kamchatskiy,ru,49.02893975061431,163.1592729092016,55.4,82,75,11.18
327,sioux lookout,ca,53.40913549047326,-93.29781108331129,78.31,53,40,4.7
328,ilhabela,br,-24.66917191819931,-44.39358802193772,77.62,66,100,12.55
329,komsomolskiy,ru,70.46184244608713,171.87804748771805,67.18,63,56,11.68
330,karasburg,na,-27.652026801444606,19.39955164006537,47.2,37,0,5.35
331,shakhovskaya,ru,56.03801910265426,35.08306785716738,53.32,92,16,9.48
332,saint-philippe,re,-58.516933746356955,70.7626145327886,64.22,52,0,9.17
333,sao filipe,cv,14.518441135871512,-29.64597246430114,73.84,80,92,17.92
334,thinadhoo,mv,1.122482540840835,70.67503189225849,83.56,75,75,9.73
335,baykit,ru,64.79635876707198,95.105505959467,68.62,66,29,7.74
336,waingapu,id,-13.946017487781845,119.7447175633668,75.1,78,58,13.6
337,ancud,cl,-42.332494194999754,-98.86401109503969,41,93,0,4.7
338,lagoa,pt,50.755754388991335,-28.13874413676578,63.59,77,0,2.24
339,alice springs,au,-23.92877963993577,135.45004633414413,57.2,30,0,9.17
340,nacala,mz,-14.515233986937673,40.69898587453321,67.18,89,0,3.47
341,taltal,cl,-25.140715136336112,-77.11142110405348,48.46,89,50,4.43
342,san martin,ar,-32.68638348285833,-67.9307847925616,55.66,68,100,3.53
343,hualmay,pe,-20.92789911925344,-94.48390422134435,62.5,86,26,20.15
344,brooks,ca,50.83221107701331,-111.46618974231384,64.99,44,77,8.01
345,port blair,in,8.601059454276495,91.57917261473096,82.4,88,75,11.41
346,koshurnikovo,ru,53.70047944159026,94.1872752235492,53.32,92,60,1.19
347,mentakab,my,3.710050969782259,102.32007933856858,74.56,85,100,1.57
349,launceston,au,-40.84315546936673,147.89748862322756,47.23,75,0,3.36
350,walvis bay,na,-24.22710182125043,14.465151551409065,62.6,23,0,6.93
351,okhotsk,ru,61.05037683697671,144.99706098518016,53.32,75,100,15.84
352,cabinda,ao,-7.0462589597485845,8.103031732986722,72.4,84,82,7.11
353,cidreira,br,-33.96604303692466,-46.54089363171332,54.94,67,17,4.47
354,vila franca do campo,pt,36.54807071523851,-24.105966217454323,68,100,75,10.29
355,kloulklubed,pw,6.6660695699912935,134.6935767813224,80.6,88,75,12.75
356,san ramon,bo,-13.050056816288773,-63.56394385801249,77.62,67,2,4.76
358,san-pedro,ci,5.051115180251912,-6.7731068942751165,73.66,96,83,4.32
359,rio grande,br,-34.25427553636891,-49.4252627006432,47.92,84,43,5.66
360,abu kamal,sy,34.60436399019494,39.102047727862924,78.52,30,0,18.21
361,maromitsa,ru,59.90671922157165,48.08941246972989,53.86,86,90,1.03
362,neiafu,to,-17.818178492001806,-173.06328481158184,78.8,83,40,13.87
363,navahrudak,by,53.90547508368647,26.109735057120645,49.36,93,0,9.51
364,dalmatovo,ru,56.51694721860099,62.98624337739008,58.54,98,100,8.37
365,kyabe,td,9.579231915997553,19.622715544241032,76.54,76,65,3.29
366,nova olimpia,br,-14.459894038818234,-58.426245178371474,75.46,43,0,4.5
367,igarka,ru,67.77888645595772,86.22086061808756,67.9,52,56,5.86
368,wanaka,nz,-42.76202814015885,168.84946636629098,43.24,89,42,8.23
369,luena,ao,-11.534726931291658,19.705573842366505,49.36,51,11,2.95
370,huambo,ao,-12.540836001082255,15.914684957618448,49.72,41,0,4.52
371,lorengau,pg,10.595642773989027,150.9384316291928,81.76,80,49,8.19
372,narsaq,gl,89.35762677620386,-61.5649621203864,48.2,70,75,6.93
373,cacapava do sul,br,-30.801365364591085,-53.25365840810427,49.54,77,18,2.28
374,giresun,tr,40.92160818553498,38.405969873515375,69.8,77,40,3.36
375,kavieng,pg,-2.7870048023457485,149.02386522439753,83.56,73,58,10.4
376,pangody,ru,65.82571115238363,75.55595611281726,69.52,56,2,8.99
377,delhi,ca,42.45856990004316,-80.56727294989919,71.67,100,75,5.82
378,necochea,ar,-43.228286065268996,-57.136062574399034,42.01,85,77,21
379,iisalmi,fi,63.55956560582271,26.24839813512321,53.6,81,90,12.75
380,molteno,za,-31.497739959383054,26.497371396511994,38.74,56,0,7.63
381,coro,ve,11.19481330033176,-70.06365523409387,79.6,78,19,26.66
382,hajnowka,pl,52.999392366123374,23.946223047501263,51.87,81,12,7.43
383,northallerton,gb,54.38131065582078,-1.4249697506467953,49.55,81,6,2.24
384,nemuro,jp,43.24399276500546,146.52063739129989,69.8,77,40,3.36
385,chunskiy,ru,56.12557012595772,100.31713221541776,62.32,87,88,4.97
386,pangnirtung,ca,67.77321790643174,-61.00056696201828,49.36,71,100,4.63
387,shintomi,jp,31.7470080453499,131.94675410783873,71.6,100,75,3.36
388,parati,br,-24.1161614885345,-44.35062593624917,69.8,77,0,8.05
390,petatlan,mx,16.725643453141785,-101.40069188964284,91.4,63,40,8.05
392,san rafael,bo,-16.843275571995036,-59.43450323626713,78.88,63,0,4.59
393,lipari,it,38.775521935936325,14.796991829994056,76.82,83,5,5.82
395,teya,ru,60.838899241400156,90.37928553619707,74.2,55,8,3.38
396,zheleznodorozhnyy,ru,63.88915714094023,50.469238912719106,56.08,82,0,5.57
397,kathmandu,np,30.762340706264055,86.58993522080004,73.4,94,75,2.24
398,guerrero negro,mx,16.67232204456279,-130.4742830264256,69.34,78,0,19.66
399,whitianga,nz,-34.49055242434484,178.12401521570308,66,84,63,7
400,raudeberg,no,67.37147113189693,1.7203196257664217,43.84,81,100,14.99
401,sonoma,us,38.306809269630406,-122.44850663968934,73.74,49,1,6.93
402,pisco,pe,-27.21098247510325,-95.78526914946812,61.5,87,3,8.05
404,iqaluit,ca,57.17795223589735,-69.09119990331645,42.37,34,20,6.93
405,ninotsminda,ge,41.20289427207956,43.716398466247085,50,66,0,1.12
406,saint pete beach,us,26.619717726417505,-84.68654496359913,84.13,65,1,5.82
407,areia branca,br,-3.3707611339820005,-36.468974414927516,77,78,20,3.36
408,mayo,ca,62.59029730639398,-136.50191265862955,69.8,49,75,4.7
409,piranhas,br,-16.719541781175366,-52.29053442869977,67.54,50,0,3.47
410,chongwe,zm,-14.919779549093093,29.206792179355375,56.74,60,0,3.09
411,cherepovets,ru,58.9818704503507,37.82280857068815,49.18,97,0,4.23
413,agadir,ma,30.36680710742978,-10.914952478196625,60.8,87,0,13.42
414,honiara,sb,-15.418077164691042,156.53144440263793,86,70,20,2.24
415,nizwa,om,22.137101460518792,57.61374117916259,82.48,29,37,3.33
416,lazaro cardenas,mx,-1.3102701148433056,-112.90423547828044,86.49,21,75,8.05
417,ostrovnoy,ru,78.20148330095577,42.20973183236262,49.18,86,84,5.23
418,belmonte,br,-17.433399338903158,-31.02875845472829,60.88,98,100,1.12
419,suntar,ru,60.44922629804259,118.98626746759288,54.76,49,13,10.29
420,la ronge,ca,59.033027128475055,-104.33747218099211,51.8,76,90,16.11
421,viseu,br,0.34674414584543456,-45.93820056561532,77.44,88,39,5.57
422,bathsheba,bb,18.28050068377283,-49.56775510777592,82.4,69,40,12.75
423,coahuayana,mx,5.897083686143674,-109.84726789253915,86.26,63,0,1.34
424,imbituba,br,-30.6501927773187,-42.26586867598897,60.8,87,75,3.36
425,fare,pf,-9.675731179218658,-148.64597502831535,76.36,78,98,31.72
426,dunedin,nz,-49.72798872508576,173.84903047567667,55.84,72,83,9.19
428,marfino,ru,47.68830400015145,49.588749645416414,57.13,93,0,4.47
429,flinders,au,-31.094696582077603,128.70041392837237,56.62,66,90,5.82
431,dombarovskiy,ru,49.452727737645944,60.09294902753973,55.48,94,96,14.81
432,jacareacanga,br,-6.089988385559437,-58.578328908695184,77.8,57,1,1.43
434,cochrane,ca,49.13054192747927,-81.38566311517481,60.73,41,75,5.82
435,staryy nadym,ru,65.43253659155064,73.22890255137276,69.16,58,0,7.27
436,mahibadhoo,mv,4.464346748320068,63.982907995518474,83.2,66,100,6.87
437,greenfield,us,35.941790465737895,-121.57263343794793,75.16,83,1,4.7
438,burgeo,ca,48.0247980787814,-56.81309713224434,53.5,97,100,8.7
439,russell,nz,-33.72474819660157,174.95392543408485,64,92,95,7
440,karratha,au,-18.5762597762228,111.97907448953237,68.26,31,43,9.91
441,shakawe,bw,-18.69551716508107,21.062349264082627,44.86,30,0,6.33
442,pimenteiras,br,-6.5398252182610435,-41.35794483587733,70.24,71,62,2.98
443,ternate,id,1.5298012624960222,127.95642383327157,76.9,92,100,12.86
444,port hedland,au,-23.4234414438413,120.42561385129824,69.8,32,20,8.05
446,vilhena,br,-12.109660050188978,-59.94078101669163,74.02,51,0,5.12
447,miramar,mx,22.58114645106143,-96.3310646193001,75.2,41,75,12.75
448,cartagena,co,10.352437670449177,-75.79310840770495,66.83,94,40,2.24
449,eyl,so,5.984021865460889,51.75944062798956,77.44,61,32,27.6
450,palana,ru,59.594815392751855,161.29590609558966,47.2,95,99,13.02
452,ekhabi,ru,54.14359040157254,145.43015038486897,52.24,74,56,10.74
453,mbanza-ngungu,cd,-5.6143555061912735,15.270492145757231,65.2,91,12,4.12
454,batagay,ru,66.46622161962136,136.64507634345614,49.18,61,100,13.47
455,luderitz,na,-30.64303429183758,5.037993977909338,57.2,62,0,4.7
456,deputatskiy,ru,65.91744420212413,139.09613852593355,43.06,78,87,9.19
457,grand gaube,mu,-12.689812032245243,66.18559839744304,67.1,93,75,4.7
459,ouro preto do oeste,br,-10.687023684546219,-62.25900519213744,74.2,60,0,2.28
460,kirovskiy,ru,45.29625091680629,48.773022934491564,66.82,83,35,7.87
462,turner,us,44.295535578318805,-70.27477868498947,65.7,55,75,5.82
463,anloga,gh,1.4438886143431944,2.2252428816304644,78.8,94,40,8.05
464,edd,er,13.360368513747375,41.18723961588688,91.84,32,96,6.85
465,bonthe,sl,3.8317420580103203,-16.46324418902134,77.98,91,100,9.71
466,copacabana,bo,-16.042462928791934,-69.20755336588599,47.2,55,0,6.55
467,okha,ru,55.067585759422116,143.78398502021508,52.24,74,56,10.74
468,basco,ph,20.877695726184626,122.03244804970257,84.64,78,100,13.02
470,tucurui,br,-3.3884335970952435,-50.34160774857054,77.44,69,95,1.12
471,maniitsoq,gl,61.21364403642369,-58.26756212465193,40.36,78,93,8.01
472,sydney,au,-34.36142745040064,152.2968644356581,60.76,59,75,3.36
473,chumikan,ru,54.52967585589258,137.25163721324014,59.08,64,99,4.61
474,laurel,us,31.831696431780287,-88.93011461196247,82.09,74,1,4.7
475,arlit,ne,17.714984282466915,5.967792701509325,97.78,10,65,15.68
476,pailitas,co,8.942405624429895,-73.35999604606329,78.34,93,77,1.86
477,oktyabrskiy,ru,53.02324111235984,153.5488819398684,56.08,82,0,8.08
478,san patricio,mx,14.575133620329183,-111.33262690469641,84.2,74,20,13.87
479,nuuk,gl,62.11335198825415,-52.73580731894913,39.2,93,69,13.87
480,banyumas,id,-7.984005828909261,109.18742265720618,71.86,90,89,1.28
481,akdagmadeni,tr,39.857247229558595,35.80001820682088,52.42,90,0,3.83
482,naryan-mar,ru,68.53248985333363,49.540599920974216,58.54,93,93,9.69
483,mareeba,au,-14.790726555692544,142.44413334080275,74.55,64,40,11.41
484,esmeraldas,ec,1.6134635936253403,-80.47600004631191,77.67,78,75,5.82
485,college,us,70.22889762856977,-148.1025890210061,68.49,43,90,8.05
486,emet,tr,39.42463344407818,29.344470728789133,62.86,70,0,0.56
487,hendrina,za,-26.102496039433127,29.7458355707779,30.99,84,0,6.2
488,victor harbor,au,-40.16180067184242,135.9105302482801,54.39,67,75,10.29
489,kobelyaky,ua,49.17441244598572,34.068385337038194,63.58,92,25,4.65
490,sorong,id,1.409234166101129,130.6268558972135,79.24,86,82,7.02
491,hami,cn,44.798634723562,91.82886007758054,87.52,17,8,5.35
492,kostomuksha,ru,64.40120784241708,30.722129340636513,49.18,93,85,1.95
493,champerico,gt,8.011799907282096,-93.88585584406346,87.8,62,20,6.93
494,chunoyar,ru,57.11483916153813,96.71791730341334,67.9,67,69,3.29
495,pryazha,ru,62.21179394172694,33.3360598223004,53.6,100,0,2.24
496,port hawkesbury,ca,40.92027885519454,-60.42385652702791,51.31,100,90,12.75
497,sochi,ru,43.55930733881226,39.66355944222616,66.04,77,0,13.42
498,aanekoski,fi,63.16826747507017,25.919529194826936,50,87,96,8.05
499,destelbergen,be,51.026114704843536,3.776534521960855,55.83,76,0,4.7
502,boueni,yt,-14.456353510259405,43.88673077461013,77,78,20,18.34
503,clarence town,bs,22.385475450561273,-75.67153099512971,83.74,67,1,2.86
504,hilsa,in,25.32441128184024,85.35630029832231,82.4,83,40,13.87
505,vila velha,br,-27.04116899861839,-29.210693059344067,80.24,78,40,8.05
506,kurchum,kz,48.67540066654328,83.67571514405995,56.02,72,48,9.4
507,atasu,kz,47.71678474762791,70.55374761533034,61.6,69,27,9.69
509,bilibino,ru,65.70459588550645,167.62815587187208,56.2,55,90,4
510,yarada,in,14.052215280765282,86.98082603334854,84.2,74,75,11.41
511,pakenham,au,-37.887879143433494,145.5675702245207,53.44,81,90,5.82
512,plainview,us,34.157559181248516,-100.71244654266671,79.48,64,1,6.93
513,garissa,ke,0.38173061179521994,39.763477862143844,73.12,75,0,18.72
516,henties bay,na,-21.66443706780902,8.8792406721428,59.26,72,0,7.61
517,mecca,sa,23.48155734809977,39.85537094063028,76.9,63,0,5.37
518,gorontalo,id,2.4502284491118758,122.35347504307958,76.36,82,98,2.1
519,soc trang,vn,8.254533671813476,107.45276456293288,77,100,75,2.24
520,huntsville,us,30.52171468117787,-95.73193398331718,82.99,62,1,3.36
521,gusinoye ozero,ru,51.21821478208426,106.00041501642266,69.34,53,85,3.27
522,katsuura,jp,22.516039078878862,149.34406462526812,75.27,88,75,3.36
523,billings,us,45.848588274203905,-108.12660016199986,63.7,59,75,14.99
524,altay,cn,46.055292678799475,91.39249993865087,53.32,45,0,3.83
525,iquitos,pe,-1.961486024722106,-73.88634933329224,75.2,94,0,3.36
527,merauke,id,-7.885725563189482,138.51142795496258,76,79,54,18.23
529,ust-tarka,ru,55.42683680565054,75.74506337160878,59.98,85,77,7.63
530,salinas,ec,-2.681845982824015,-81.35032094178104,56.02,98,94,0.78
531,luba,gq,3.3138608283522757,8.110361866161242,77,94,75,2.24
532,fairview,ca,57.695427312753964,-119.11470990320586,63.07,45,75,11.41
533,atar,mr,21.828619569207234,-13.23743970967459,96.34,15,14,4.94
534,barra do bugres,br,-15.059728227795063,-56.952837291848624,75.46,43,0,4.5
535,tamale,gh,9.104686739385102,-1.2191274390380613,81.76,69,32,9.28
536,lincoln,nz,-47.44625659028378,175.45606038274286,64.13,59,98,13.87
537,rocha,uy,-52.20453517700237,-37.76206139535347,48.1,76,50,14.94
538,roebourne,au,-22.09117691315454,117.34100060381417,66.82,32,63,11.88
539,itarema,br,9.01771556255001,-36.4451402885488,74.74,88,14,6.04
540,quatre cocos,mu,-15.674872964088422,69.69030318262773,67.19,93,75,4.7
541,xining,cn,35.00360060499004,99.70699402901135,53.32,75,100,0.81
542,vardo,no,83.31245320886538,34.743533127918596,45.94,94,100,4.72
543,berlevag,no,84.00229212463478,31.024415604614518,45.22,94,100,10.49
544,taunggyi,mm,20.609216164651443,96.87139278396961,67.72,91,100,3.98
546,jinan,cn,36.80991005672138,117.1947412851406,82.12,55,60,3.98
547,port-gentil,ga,-0.43476791110511215,4.7184176641038675,73.84,84,34,14.7
548,egvekinot,ru,67.37761178918421,-179.9681444841024,59.26,49,99,7.31
549,mana,gf,9.76813291385399,-53.305130378335974,72.94,98,91,2.01
550,auki,sb,-3.992421053036793,164.82107926725922,81.58,78,16,9.75
551,tumut,au,-35.82826452929765,147.91910256622532,51.34,48,0,1.66
552,weyburn,ca,49.25836428312746,-103.93494562772048,64.99,54,64,5.99
553,zhigansk,ru,67.36373869611344,121.74481843182116,47.2,66,97,24.29
554,briancon,fr,44.70597872506761,6.6000398118858925,63.3,81,99,1.16
555,petropavlovka,ru,49.71922587391077,105.09331693778427,64.3,76,87,1.59
556,severnyy-kospashskiy,ru,59.57231303010897,58.239151001558525,59,99,100,4
558,havre,us,48.30569733391118,-109.7153874083031,61.81,45,20,6.93
559,syracuse,us,43.12570426862783,-76.17580920403577,69.73,94,1,2.95
560,arkadelphia,us,33.78817913879017,-93.14694246537297,82.72,74,1,4.7
562,karla,ee,58.33114320363373,22.30250574001809,53.24,82,90,12.75
563,puerto escondido,mx,9.205848446439518,-99.40905238788812,84.2,74,75,3.36
564,ileza,ru,61.302105995399074,43.817796594040885,48.28,98,37,0.09
565,kandrian,pg,-6.2647535611148015,150.12846197311626,80.86,71,48,8.28
568,seoul,kr,37.316080021492,125.28802478125874,75.02,65,75,5.82
569,waipawa,nz,-43.82337424065097,179.94150005462643,55.99,85,92,11.72
570,minot,us,47.760077273218144,-100.59666157334834,67.17,56,20,8.05
571,ciudad del maiz,mx,22.39237261517792,-99.86261126811698,84.1,45,0,13.65
572,dauriya,ru,48.48473754733831,115.64994763142192,75.1,43,0,6.8
575,havoysund,no,73.68075213971457,24.421332106013836,44.6,87,75,4.7
577,aswan,eg,22.001336936053093,32.00496371572649,87.8,27,0,5.82
578,mingoyo,tz,-9.87707723542482,39.426822413530175,64.12,97,14,3.42
581,ust-ilimsk,ru,57.853588396818225,102.44676979071687,75.82,51,36,8.48
582,tupi paulista,br,-21.239164139865238,-51.50366460975323,71.14,57,7,1.66
583,north bend,us,44.053602932012836,-130.40599079128742,64.29,68,1,13.87
584,kano,ng,12.436343560998353,8.301290055854196,78.8,78,0,8.05
585,toba,jp,33.253851580078674,137.4749357953362,82.04,78,75,6.93
587,goundam,ml,17.176328429855744,-5.10413280446366,95.44,11,0,0.69
588,umm lajj,sa,25.43480029624385,38.100863214260244,85,76,0,12.08
589,panguipulli,cl,-40.14172802688984,-71.76034477826443,44.26,100,20,2.24
590,chiredzi,zw,-21.013439975636814,31.279041973804027,54.22,39,0,2.28
591,flin flon,ca,59.75202890335882,-101.92222681996734,48.46,83,100,6.33
593,vicuna,cl,-29.625672946505077,-69.86072129033366,48.2,93,0,3.36
594,atagay,ru,55.494122334468045,99.66939704839058,60.7,90,36,4.52
595,caravelas,br,-20.799005672318003,-30.541621842846922,73.84,87,1,10.49
596,moerai,pf,-22.208065641586472,-150.77313220189833,70.6,67,6,30.27
597,sur,om,16.096494173601386,63.25291693107218,85.9,55,0,4.94
598,sitka,us,52.269936151448775,-141.7503634504229,89.86,37,56,10.22
599,nador,ma,31.864973445749428,-1.0236890730578807,68.81,56,0,6.93
600,rongcheng,cn,24.63139201295303,115.85095463562897,71.01,44,100,1.99
601,nizhniy tsasuchey,ru,48.69634109236932,115.3341704745281,75.46,45,10,5.68
602,lam luk ka,th,13.805657814606533,100.82219973631845,78.87,94,40,6.93
603,sestri levante,it,44.23986126908176,9.398623867479046,74.61,65,0,4.7
604,mackay,au,-17.994479505864206,152.69170812386506,73.74,64,75,13.87
605,ercis,tr,39.00344004588018,43.63539894735189,59,41,20,2.39
